-- --------------------------------------------------------
-- Host:                         127.0.0.1
-- Server version:               10.2.10-MariaDB - mariadb.org binary distribution
-- Server OS:                    Win64
-- HeidiSQL Version:             9.4.0.5125
-- --------------------------------------------------------

/*!40101 SET @OLD_CHARACTER_SET_CLIENT=@@CHARACTER_SET_CLIENT */;
/*!40101 SET NAMES utf8 */;
/*!50503 SET NAMES utf8mb4 */;
/*!40014 SET @OLD_FOREIGN_KEY_CHECKS=@@FOREIGN_KEY_CHECKS, FOREIGN_KEY_CHECKS=0 */;
/*!40101 SET @OLD_SQL_MODE=@@SQL_MODE, SQL_MODE='NO_AUTO_VALUE_ON_ZERO' */;


-- Dumping database structure for cryptxmaster
DROP DATABASE IF EXISTS `cryptxmaster`;
CREATE DATABASE IF NOT EXISTS `cryptxmaster` /*!40100 DEFAULT CHARACTER SET utf8 */;
USE `cryptxmaster`;

-- Dumping structure for table cryptxmaster.bankdetails
DROP TABLE IF EXISTS `bankdetails`;
CREATE TABLE IF NOT EXISTS `bankdetails` (
  `bankid` int(11) NOT NULL AUTO_INCREMENT,
  `userid` int(10) unsigned NOT NULL DEFAULT 0,
  `bankname` varchar(50) NOT NULL DEFAULT '0',
  `accountname` varchar(50) NOT NULL DEFAULT '0',
  `accountnumber` bigint(20) NOT NULL DEFAULT 0,
  `rotingnumber` int(11) NOT NULL DEFAULT 0,
  PRIMARY KEY (`bankid`),
  KEY `user_fk` (`userid`),
  CONSTRAINT `user_fk` FOREIGN KEY (`userid`) REFERENCES `user` (`userid`)
) ENGINE=InnoDB DEFAULT CHARSET=utf8;

-- Dumping data for table cryptxmaster.bankdetails: ~0 rows (approximately)
/*!40000 ALTER TABLE `bankdetails` DISABLE KEYS */;
/*!40000 ALTER TABLE `bankdetails` ENABLE KEYS */;

-- Dumping structure for table cryptxmaster.bitcoindata
DROP TABLE IF EXISTS `bitcoindata`;
CREATE TABLE IF NOT EXISTS `bitcoindata` (
  `timestmp` bigint(20) NOT NULL,
  `bitcoinvalue` double NOT NULL,
  PRIMARY KEY (`timestmp`)
) ENGINE=InnoDB DEFAULT CHARSET=utf8;

-- Dumping data for table cryptxmaster.bitcoindata: ~322 rows (approximately)
/*!40000 ALTER TABLE `bitcoindata` DISABLE KEYS */;
INSERT INTO `bitcoindata` (`timestmp`, `bitcoinvalue`) VALUES
	(1483261200, 997.6888),
	(1483347600, 1018.05),
	(1483434000, 1030.8175),
	(1483520400, 1129.87),
	(1483606800, 1005.815),
	(1483693200, 895.67),
	(1483779600, 905.17),
	(1483866000, 913.5238),
	(1483952400, 899.35),
	(1484038800, 904.7925),
	(1484125200, 775.9813),
	(1484211600, 802.8288),
	(1484298000, 826.1213),
	(1484384400, 818.6388),
	(1484470800, 822.4225),
	(1484557200, 830.2638),
	(1484643600, 904.4538),
	(1484730000, 884.2513),
	(1484816400, 898.0213),
	(1484902800, 891.6238),
	(1484989200, 920.0113),
	(1485075600, 925.3313),
	(1485162000, 912.6875),
	(1485248400, 885.6475),
	(1485334800, 894.11),
	(1485421200, 915.1),
	(1485507600, 918.5625),
	(1485594000, 920.28),
	(1485680400, 914.0438),
	(1485766800, 920.2413),
	(1485853200, 967.6675),
	(1485939600, 987.3463),
	(1486026000, 1007.795),
	(1486112400, 1018.1113),
	(1486198800, 1033.6525),
	(1486285200, 1013.9938),
	(1486371600, 1024.6125),
	(1486458000, 1052.5388),
	(1486544400, 1054.3438),
	(1486630800, 988.9475),
	(1486717200, 993.0788),
	(1486803600, 1010.0025),
	(1486890000, 999.5125),
	(1486976400, 996.8575),
	(1487062800, 1009.2513),
	(1487149200, 1009.1163),
	(1487235600, 1034.0825),
	(1487322000, 1053.1225),
	(1487408400, 1058.4063),
	(1487494800, 1052.8175),
	(1487581200, 1083.2413),
	(1487667600, 1123.6563),
	(1487754000, 1122.195),
	(1487840400, 1178.384),
	(1487926800, 1180.918),
	(1488013200, 1151.581),
	(1488099600, 1179.968),
	(1488186000, 1194.278),
	(1488272400, 1190.888),
	(1488358800, 1230.016),
	(1488445200, 1260.924),
	(1488531600, 1290.786),
	(1488618000, 1267.68),
	(1488704400, 1277.685),
	(1488790800, 1280.868),
	(1488877200, 1232.431),
	(1488963600, 1150.481),
	(1489050000, 1191.815),
	(1489136400, 1117.025),
	(1489222800, 1181.645),
	(1489309200, 1229.505),
	(1489395600, 1243.242),
	(1489482000, 1246.309),
	(1489568400, 1259.601),
	(1489654800, 1172.909),
	(1489741200, 1070.128),
	(1489827600, 970.598),
	(1489914000, 1017.8),
	(1490000400, 1041.343),
	(1490086800, 1115.039),
	(1490173200, 1037.44),
	(1490259600, 1029.95),
	(1490346000, 935.946),
	(1490432400, 964.692),
	(1490518800, 965.229),
	(1490605200, 1040.491),
	(1490691600, 1044.251),
	(1490778000, 1040.392),
	(1490864400, 1037.527),
	(1490950800, 1079.748),
	(1491037200, 1089.511),
	(1491123600, 1098.776),
	(1491210000, 1147.631),
	(1491296400, 1143.746),
	(1491382800, 1134.998),
	(1491469200, 1190.597),
	(1491555600, 1193.019),
	(1491642000, 1184.824),
	(1491728400, 1210.055),
	(1491814800, 1213.339),
	(1491901200, 1224.767),
	(1491987600, 1216.505),
	(1492074000, 1178.533),
	(1492160400, 1183.44),
	(1492246800, 1180.699),
	(1492333200, 1184.787),
	(1492419600, 1203.731),
	(1492506000, 1217.596),
	(1492592400, 1226.939),
	(1492678800, 1255.403),
	(1492765200, 1257.135),
	(1492851600, 1244.375),
	(1492938000, 1248.2175),
	(1493024400, 1248.325),
	(1493110800, 1263.545),
	(1493197200, 1284.845),
	(1493283600, 1329.19),
	(1493370000, 1320.0513),
	(1493456400, 1327.0388),
	(1493542800, 1347.9588),
	(1493629200, 1402.0838),
	(1493715600, 1443.6825),
	(1493802000, 1491.9988),
	(1493888400, 1515.6288),
	(1493974800, 1512.2088),
	(1494061200, 1548.2863),
	(1494147600, 1555.4713),
	(1494234000, 1639.3225),
	(1494320400, 1706.9313),
	(1494406800, 1756.8025),
	(1494493200, 1807.3725),
	(1494579600, 1676.9938),
	(1494666000, 1759.9613),
	(1494752400, 1772.4163),
	(1494838800, 1697.3788),
	(1494925200, 1718.2013),
	(1495011600, 1802.1638),
	(1495098000, 1887.3263),
	(1495184400, 1968.1025),
	(1495270800, 2051.735),
	(1495357200, 2055.6175),
	(1495443600, 2139.0275),
	(1495530000, 2291.4775),
	(1495616400, 2476.2963),
	(1495702800, 2357.5038),
	(1495789200, 2247.4825),
	(1495875600, 2106.3075),
	(1495962000, 2207.5775),
	(1496048400, 2289.87),
	(1496134800, 2197.2338),
	(1496221200, 2330.2338),
	(1496307600, 2452.1813),
	(1496394000, 2517.4088),
	(1496480400, 2555.6538),
	(1496566800, 2552.8088),
	(1496653200, 2736.595),
	(1496739600, 2914.0825),
	(1496826000, 2694.2188),
	(1496912400, 2825.0313),
	(1496998800, 2826.7),
	(1497085200, 2942.345),
	(1497171600, 3018.545),
	(1497258000, 2682.595),
	(1497344400, 2738.9313),
	(1497430800, 2494.485),
	(1497517200, 2456.9238),
	(1497603600, 2528.1025),
	(1497690000, 2663.9975),
	(1497776400, 2576.1713),
	(1497862800, 2641.665),
	(1497949200, 2778.8275),
	(1498035600, 2712.1575),
	(1498122000, 2740.79),
	(1498208400, 2738.225),
	(1498294800, 2619.1188),
	(1498381200, 2594.4538),
	(1498467600, 2485.3588),
	(1498554000, 2593.17),
	(1498640400, 2584.5638),
	(1498726800, 2561.5613),
	(1498813200, 2499.9838),
	(1498899600, 2460.2),
	(1498986000, 2529.7838),
	(1499072400, 2581.0663),
	(1499158800, 2625.0713),
	(1499245200, 2629.2725),
	(1499331600, 2619.1125),
	(1499418000, 2521.2363),
	(1499504400, 2579.9338),
	(1499590800, 2525.675),
	(1499677200, 2371.96),
	(1499763600, 2332.1875),
	(1499850000, 2423.16),
	(1499936400, 2364.5163),
	(1500022800, 2232.655),
	(1500109200, 1993.2588),
	(1500195600, 1938.9425),
	(1500282000, 2244.265),
	(1500368400, 2327.8975),
	(1500454800, 2294.405),
	(1500541200, 2877.3863),
	(1500627600, 2694.2913),
	(1500714000, 2838.81),
	(1500800400, 2762.6263),
	(1500886800, 2779.0438),
	(1500973200, 2591.2163),
	(1501059600, 2550.18),
	(1501146000, 2697.4725),
	(1501232400, 2805.1788),
	(1501318800, 2720.08),
	(1501405200, 2746.3263),
	(1501491600, 2873.8325),
	(1501578000, 2735.5875),
	(1501664400, 2723.58),
	(1501750800, 2814.3613),
	(1501837200, 2883.6813),
	(1501923600, 3301.7588),
	(1502010000, 3255.0025),
	(1502096400, 3431.9688),
	(1502182800, 3453.1625),
	(1502269200, 3377.5438),
	(1502355600, 3445.28),
	(1502442000, 3679.6075),
	(1502528400, 3917.6488),
	(1502614800, 4111.1963),
	(1502701200, 4382.7413),
	(1502787600, 4204.43),
	(1502874000, 4425.2963),
	(1502960400, 4316.34),
	(1503046800, 4159.4575),
	(1503133200, 4206.1313),
	(1503219600, 4111.22),
	(1503306000, 4054.9425),
	(1503392400, 4137.6725),
	(1503478800, 4191.2175),
	(1503565200, 4362.475),
	(1503651600, 4408.3238),
	(1503738000, 4387.4613),
	(1503824400, 4394.515),
	(1503910800, 4439.6588),
	(1503997200, 4648.1338),
	(1504083600, 4630.7275),
	(1504170000, 4764.8675),
	(1504256400, 4950.7238),
	(1504342800, 4643.975),
	(1504429200, 4631.695),
	(1504515600, 4319.7213),
	(1504602000, 4422.1213),
	(1504688400, 4626.72),
	(1504774800, 4638.0975),
	(1504861200, 4317.5375),
	(1504947600, 4291.88),
	(1505034000, 4191.175),
	(1505120400, 4188.845),
	(1505206800, 4148.2675),
	(1505293200, 3874.2588),
	(1505379600, 3226.4125),
	(1505466000, 3686.9),
	(1505552400, 3678.7375),
	(1505638800, 3672.5663),
	(1505725200, 4067.0775),
	(1505811600, 3896.9988),
	(1505898000, 3858.0888),
	(1505984400, 3612.6813),
	(1506070800, 3603.3088),
	(1506157200, 3777.2938),
	(1506243600, 3662.12),
	(1506330000, 3927.4988),
	(1506416400, 3895.5125),
	(1506502800, 4208.5613),
	(1506589200, 4185.2925),
	(1506675600, 4164.1038),
	(1506762000, 4353.0475),
	(1506848400, 4394.6388),
	(1506934800, 4404.0975),
	(1507021200, 4320.09),
	(1507107600, 4225.9238),
	(1507194000, 4322.755),
	(1507280400, 4370.245),
	(1507366800, 4437.0338),
	(1507453200, 4596.9625),
	(1507539600, 4772.975),
	(1507626000, 4754.6988),
	(1507712400, 4830.7663),
	(1507798800, 5439.1338),
	(1507885200, 5640.1275),
	(1507971600, 5809.6938),
	(1508058000, 5697.3917),
	(1508144400, 5754.2213),
	(1508230800, 5595.235),
	(1508317200, 5572.1988),
	(1508403600, 5699.5838),
	(1508490000, 5984.0863),
	(1508576400, 6013.2288),
	(1508662800, 5984.9563),
	(1508749200, 5895.2988),
	(1508835600, 5518.85),
	(1508922000, 5733.9038),
	(1509008400, 5888.145),
	(1509094800, 5767.68),
	(1509181200, 5732.825),
	(1509267600, 6140.5313),
	(1509354000, 6121.8),
	(1509440400, 6447.6675),
	(1509526800, 6750.1725),
	(1509613200, 7030.0025),
	(1509699600, 7161.4513),
	(1509786000, 7386.9988),
	(1509872400, 7382.4488),
	(1509958800, 6958.2113),
	(1510045200, 7118.8013),
	(1510131600, 7458.795),
	(1510218000, 7146.7813),
	(1510304400, 6570.3125),
	(1510390800, 6337),
	(1510477200, 5857.3175),
	(1510563600, 6517.6763),
	(1510650000, 6598.7688),
	(1510736400, 7279.0013),
	(1510822800, 7843.9375),
	(1510909200, 7689.9088),
	(1510995600, 7776.94);
/*!40000 ALTER TABLE `bitcoindata` ENABLE KEYS */;

-- Dumping structure for table cryptxmaster.carddetails
DROP TABLE IF EXISTS `carddetails`;
CREATE TABLE IF NOT EXISTS `carddetails` (
  `userid` int(10) unsigned NOT NULL,
  `cardid` int(10) unsigned NOT NULL AUTO_INCREMENT,
  `cardexpirydate` varchar(10) NOT NULL,
  `cardnumber` int(20) unsigned NOT NULL,
  `cardname` varchar(50) NOT NULL,
  `cvv` int(5) NOT NULL,
  PRIMARY KEY (`cardid`),
  KEY `payment_usr_fk` (`userid`),
  CONSTRAINT `payment_usr_fk` FOREIGN KEY (`userid`) REFERENCES `user` (`userid`)
) ENGINE=InnoDB DEFAULT CHARSET=utf8;

-- Dumping data for table cryptxmaster.carddetails: ~0 rows (approximately)
/*!40000 ALTER TABLE `carddetails` DISABLE KEYS */;
/*!40000 ALTER TABLE `carddetails` ENABLE KEYS */;

-- Dumping structure for table cryptxmaster.ethereumdata
DROP TABLE IF EXISTS `ethereumdata`;
CREATE TABLE IF NOT EXISTS `ethereumdata` (
  `timestmp` bigint(20) NOT NULL,
  `ethereumvalue` double NOT NULL,
  PRIMARY KEY (`timestmp`)
) ENGINE=InnoDB DEFAULT CHARSET=utf8;

-- Dumping data for table cryptxmaster.ethereumdata: ~322 rows (approximately)
/*!40000 ALTER TABLE `ethereumdata` DISABLE KEYS */;
INSERT INTO `ethereumdata` (`timestmp`, `ethereumvalue`) VALUES
	(1483261200, 8.14),
	(1483347600, 8.33),
	(1483434000, 9.59),
	(1483520400, 10.88),
	(1483606800, 10.2),
	(1483693200, 10.07),
	(1483779600, 9.78),
	(1483866000, 10.27),
	(1483952400, 10.2),
	(1484038800, 10.55),
	(1484125200, 9.83),
	(1484211600, 9.81),
	(1484298000, 9.78),
	(1484384400, 9.78),
	(1484470800, 9.88),
	(1484557200, 9.59),
	(1484643600, 10.14),
	(1484730000, 10.19),
	(1484816400, 10.43),
	(1484902800, 10.6),
	(1484989200, 10.91),
	(1485075600, 10.71),
	(1485162000, 10.78),
	(1485248400, 10.51),
	(1485334800, 10.51),
	(1485421200, 10.65),
	(1485507600, 10.51),
	(1485594000, 10.54),
	(1485680400, 10.47),
	(1485766800, 10.62),
	(1485853200, 10.71),
	(1485939600, 10.71),
	(1486026000, 10.78),
	(1486112400, 10.95),
	(1486198800, 11.32),
	(1486285200, 11.22),
	(1486371600, 11.32),
	(1486458000, 11.45),
	(1486544400, 11.39),
	(1486630800, 10.94),
	(1486717200, 11.34),
	(1486803600, 11.43),
	(1486890000, 11.42),
	(1486976400, 11.39),
	(1487062800, 13),
	(1487149200, 12.97),
	(1487235600, 12.95),
	(1487322000, 12.72),
	(1487408400, 12.83),
	(1487494800, 12.82),
	(1487581200, 12.52),
	(1487667600, 12.77),
	(1487754000, 12.69),
	(1487840400, 13.13),
	(1487926800, 13.11),
	(1488013200, 13.57),
	(1488099600, 14.59),
	(1488186000, 15.55),
	(1488272400, 16.07),
	(1488358800, 17.55),
	(1488445200, 19.08),
	(1488531600, 19.48),
	(1488618000, 18.61),
	(1488704400, 19.22),
	(1488790800, 19.75),
	(1488877200, 18.91),
	(1488963600, 16.54),
	(1489050000, 17.71),
	(1489136400, 19.13),
	(1489222800, 21.45),
	(1489309200, 23.31),
	(1489395600, 28.45),
	(1489482000, 28.58),
	(1489568400, 35.18),
	(1489654800, 45.51),
	(1489741200, 44.48),
	(1489827600, 34),
	(1489914000, 43.12),
	(1490000400, 42.51),
	(1490086800, 42.67),
	(1490173200, 41.65),
	(1490259600, 43.2),
	(1490346000, 53.19),
	(1490432400, 50.62),
	(1490518800, 50.63),
	(1490605200, 49.06),
	(1490691600, 50.25),
	(1490778000, 53.07),
	(1490864400, 51.91),
	(1490950800, 49.91),
	(1491037200, 50.6),
	(1491123600, 48.55),
	(1491210000, 44.13),
	(1491296400, 44.43),
	(1491382800, 44.9),
	(1491469200, 43.23),
	(1491555600, 42.31),
	(1491642000, 44.37),
	(1491728400, 43.72),
	(1491814800, 43.74),
	(1491901200, 43.74),
	(1491987600, 46.38),
	(1492074000, 49.97),
	(1492160400, 47.32),
	(1492246800, 48.89),
	(1492333200, 48.22),
	(1492419600, 47.94),
	(1492506000, 49.88),
	(1492592400, 47.88),
	(1492678800, 49.36),
	(1492765200, 48.27),
	(1492851600, 48.41),
	(1492938000, 48.75),
	(1493024400, 49.94),
	(1493110800, 50.09),
	(1493197200, 53.28),
	(1493283600, 63.14),
	(1493370000, 72.42),
	(1493456400, 69.83),
	(1493542800, 79.83),
	(1493629200, 77.53),
	(1493715600, 77.25),
	(1493802000, 80.37),
	(1493888400, 94.55),
	(1493974800, 90.79),
	(1494061200, 94.82),
	(1494147600, 90.46),
	(1494234000, 88.39),
	(1494320400, 86.27),
	(1494406800, 87.83),
	(1494493200, 88.2),
	(1494579600, 85.15),
	(1494666000, 87.96),
	(1494752400, 88.72),
	(1494838800, 90.32),
	(1494925200, 87.8),
	(1495011600, 86.98),
	(1495098000, 95.88),
	(1495184400, 124.38),
	(1495270800, 123.06),
	(1495357200, 148),
	(1495443600, 160.39),
	(1495530000, 169.5),
	(1495616400, 193.03),
	(1495702800, 177.33),
	(1495789200, 162.83),
	(1495875600, 156.63),
	(1495962000, 172.86),
	(1496048400, 194.17),
	(1496134800, 228.58),
	(1496221200, 228.64),
	(1496307600, 220.7),
	(1496394000, 222.04),
	(1496480400, 224.3),
	(1496566800, 244.96),
	(1496653200, 247.75),
	(1496739600, 264.26),
	(1496826000, 255.77),
	(1496912400, 259.41),
	(1496998800, 279.11),
	(1497085200, 335.95),
	(1497171600, 339.68),
	(1497258000, 394.66),
	(1497344400, 388.09),
	(1497430800, 343.84),
	(1497517200, 344.68),
	(1497603600, 353.61),
	(1497690000, 368.1),
	(1497776400, 351.53),
	(1497862800, 358.2),
	(1497949200, 350.53),
	(1498035600, 325.3),
	(1498122000, 320.97),
	(1498208400, 326.85),
	(1498294800, 304.54),
	(1498381200, 279.36),
	(1498467600, 253.68),
	(1498554000, 286.14),
	(1498640400, 315.86),
	(1498726800, 292.9),
	(1498813200, 280.68),
	(1498899600, 261),
	(1498986000, 283.99),
	(1499072400, 276.41),
	(1499158800, 269.05),
	(1499245200, 266),
	(1499331600, 265.88),
	(1499418000, 240.94),
	(1499504400, 245.67),
	(1499590800, 237.72),
	(1499677200, 205.76),
	(1499763600, 190.55),
	(1499850000, 224.15),
	(1499936400, 205.41),
	(1500022800, 197.14),
	(1500109200, 169.1),
	(1500195600, 155.42),
	(1500282000, 189.97),
	(1500368400, 227.09),
	(1500454800, 194.41),
	(1500541200, 226.33),
	(1500627600, 216.33),
	(1500714000, 230.47),
	(1500800400, 228.32),
	(1500886800, 225.48),
	(1500973200, 203.59),
	(1501059600, 202.88),
	(1501146000, 202.93),
	(1501232400, 191.21),
	(1501318800, 206.14),
	(1501405200, 196.78),
	(1501491600, 201.33),
	(1501578000, 225.9),
	(1501664400, 218.12),
	(1501750800, 224.39),
	(1501837200, 220.6),
	(1501923600, 253.09),
	(1502010000, 264.56),
	(1502096400, 269.94),
	(1502182800, 296.51),
	(1502269200, 295.28),
	(1502355600, 298.28),
	(1502442000, 309.32),
	(1502528400, 308.02),
	(1502614800, 296.62),
	(1502701200, 299.16),
	(1502787600, 286.52),
	(1502874000, 301.38),
	(1502960400, 300.3),
	(1503046800, 292.62),
	(1503133200, 293.02),
	(1503219600, 298.2),
	(1503306000, 321.85),
	(1503392400, 313.37),
	(1503478800, 317.4),
	(1503565200, 325.28),
	(1503651600, 330.06),
	(1503738000, 332.86),
	(1503824400, 347.88),
	(1503910800, 347.66),
	(1503997200, 372.35),
	(1504083600, 383.86),
	(1504170000, 388.33),
	(1504256400, 391.42),
	(1504342800, 351.03),
	(1504429200, 352.45),
	(1504515600, 303.7),
	(1504602000, 317.94),
	(1504688400, 338.92),
	(1504774800, 335.37),
	(1504861200, 306.72),
	(1504947600, 303.79),
	(1505034000, 299.21),
	(1505120400, 297.95),
	(1505206800, 294.1),
	(1505293200, 275.84),
	(1505379600, 223.14),
	(1505466000, 259.57),
	(1505552400, 254.49),
	(1505638800, 258.4),
	(1505725200, 297.53),
	(1505811600, 283),
	(1505898000, 283.56),
	(1505984400, 257.77),
	(1506070800, 262.94),
	(1506157200, 286.14),
	(1506243600, 282.6),
	(1506330000, 294.89),
	(1506416400, 288.64),
	(1506502800, 309.97),
	(1506589200, 302.77),
	(1506675600, 292.58),
	(1506762000, 302.77),
	(1506848400, 303.95),
	(1506934800, 296.81),
	(1507021200, 291.81),
	(1507107600, 291.68),
	(1507194000, 294.99),
	(1507280400, 308.33),
	(1507366800, 311.26),
	(1507453200, 309.49),
	(1507539600, 296.95),
	(1507626000, 298.46),
	(1507712400, 302.86),
	(1507798800, 302.89),
	(1507885200, 336.83),
	(1507971600, 338.81),
	(1508058000, 336.58),
	(1508144400, 334.23),
	(1508230800, 316.14),
	(1508317200, 313.54),
	(1508403600, 307.41),
	(1508490000, 303.08),
	(1508576400, 299.55),
	(1508662800, 294.03),
	(1508749200, 285.27),
	(1508835600, 296.5),
	(1508922000, 296.35),
	(1509008400, 295.54),
	(1509094800, 296.36),
	(1509181200, 293.35),
	(1509267600, 304.04),
	(1509354000, 306.8),
	(1509440400, 303.64),
	(1509526800, 289.42),
	(1509613200, 284.92),
	(1509699600, 304.51),
	(1509786000, 300.04),
	(1509872400, 296.23),
	(1509958800, 296.82),
	(1510045200, 291.84),
	(1510131600, 307.35),
	(1510218000, 319.66),
	(1510304400, 296.86),
	(1510390800, 314.23),
	(1510477200, 306.02),
	(1510563600, 314.6),
	(1510650000, 334.72),
	(1510736400, 331.2),
	(1510822800, 330.32),
	(1510909200, 331.72),
	(1510995600, 346.65);
/*!40000 ALTER TABLE `ethereumdata` ENABLE KEYS */;

-- Dumping structure for table cryptxmaster.litecoindata
DROP TABLE IF EXISTS `litecoindata`;
CREATE TABLE IF NOT EXISTS `litecoindata` (
  `timestmp` bigint(20) NOT NULL,
  `litecoinvalue` double NOT NULL,
  PRIMARY KEY (`timestmp`)
) ENGINE=InnoDB DEFAULT CHARSET=utf8;

-- Dumping data for table cryptxmaster.litecoindata: ~322 rows (approximately)
/*!40000 ALTER TABLE `litecoindata` DISABLE KEYS */;
INSERT INTO `litecoindata` (`timestmp`, `litecoinvalue`) VALUES
	(1483261200, 4.33),
	(1483347600, 4.52),
	(1483434000, 4.66),
	(1483520400, 4.63),
	(1483606800, 4.91),
	(1483693200, 4.3),
	(1483779600, 3.86),
	(1483866000, 3.96),
	(1483952400, 4),
	(1484038800, 4.3),
	(1484125200, 4.6),
	(1484211600, 3.84),
	(1484298000, 3.95),
	(1484384400, 3.89),
	(1484470800, 3.89),
	(1484557200, 3.92),
	(1484643600, 3.91),
	(1484730000, 3.94),
	(1484816400, 3.84),
	(1484902800, 3.86),
	(1484989200, 3.89),
	(1485075600, 3.9),
	(1485162000, 3.86),
	(1485248400, 3.84),
	(1485334800, 3.79),
	(1485421200, 3.71),
	(1485507600, 3.84),
	(1485594000, 3.85),
	(1485680400, 3.85),
	(1485766800, 3.86),
	(1485853200, 4.02),
	(1485939600, 4.08),
	(1486026000, 4.08),
	(1486112400, 4.08),
	(1486198800, 4.08),
	(1486285200, 4.07),
	(1486371600, 4.06),
	(1486458000, 4.05),
	(1486544400, 4.05),
	(1486630800, 4.03),
	(1486717200, 3.8),
	(1486803600, 3.78),
	(1486890000, 3.8),
	(1486976400, 3.77),
	(1487062800, 3.72),
	(1487149200, 3.77),
	(1487235600, 3.8),
	(1487322000, 3.78),
	(1487408400, 3.83),
	(1487494800, 3.79),
	(1487581200, 3.77),
	(1487667600, 3.76),
	(1487754000, 3.79),
	(1487840400, 3.8),
	(1487926800, 3.83),
	(1488013200, 3.85),
	(1488099600, 3.82),
	(1488186000, 3.81),
	(1488272400, 3.8),
	(1488358800, 3.77),
	(1488445200, 3.8),
	(1488531600, 3.92),
	(1488618000, 3.91),
	(1488704400, 3.86),
	(1488790800, 3.87),
	(1488877200, 3.89),
	(1488963600, 3.81),
	(1489050000, 3.77),
	(1489136400, 3.83),
	(1489222800, 3.76),
	(1489309200, 3.79),
	(1489395600, 3.85),
	(1489482000, 4.17),
	(1489568400, 4.05),
	(1489654800, 4.15),
	(1489741200, 4.23),
	(1489827600, 4.04),
	(1489914000, 3.96),
	(1490000400, 3.95),
	(1490086800, 4.04),
	(1490173200, 3.99),
	(1490259600, 3.93),
	(1490346000, 3.97),
	(1490432400, 4.07),
	(1490518800, 4.07),
	(1490605200, 4.07),
	(1490691600, 4.07),
	(1490778000, 4.14),
	(1490864400, 4.18),
	(1490950800, 7.02),
	(1491037200, 6.65),
	(1491123600, 6.86),
	(1491210000, 7.74),
	(1491296400, 8.12),
	(1491382800, 8.25),
	(1491469200, 11.12),
	(1491555600, 10.22),
	(1491642000, 9.34),
	(1491728400, 9.89),
	(1491814800, 8.72),
	(1491901200, 8.91),
	(1491987600, 8.83),
	(1492074000, 10.76),
	(1492160400, 10.13),
	(1492246800, 10.34),
	(1492333200, 10.75),
	(1492419600, 10.6),
	(1492506000, 10.42),
	(1492592400, 10.31),
	(1492678800, 9.63),
	(1492765200, 10.29),
	(1492851600, 11.18),
	(1492938000, 13.07),
	(1493024400, 13.96),
	(1493110800, 14.98),
	(1493197200, 15.21),
	(1493283600, 14.84),
	(1493370000, 14.59),
	(1493456400, 14.4),
	(1493542800, 15.7),
	(1493629200, 15.71),
	(1493715600, 15.92),
	(1493802000, 15.88),
	(1493888400, 21.04),
	(1493974800, 23.47),
	(1494061200, 26.47),
	(1494147600, 28.2),
	(1494234000, 30.37),
	(1494320400, 28.96),
	(1494406800, 33.3),
	(1494493200, 32.66),
	(1494579600, 30.93),
	(1494666000, 27.22),
	(1494752400, 29.09),
	(1494838800, 28.89),
	(1494925200, 25.34),
	(1495011600, 23.24),
	(1495098000, 25.17),
	(1495184400, 28.29),
	(1495270800, 27.68),
	(1495357200, 27.48),
	(1495443600, 26.14),
	(1495530000, 25.3),
	(1495616400, 32.12),
	(1495702800, 34.47),
	(1495789200, 30.33),
	(1495875600, 23.4),
	(1495962000, 24.01),
	(1496048400, 24.32),
	(1496134800, 25.32),
	(1496221200, 24.29),
	(1496307600, 25.34),
	(1496394000, 28.9),
	(1496480400, 29.04),
	(1496566800, 27.65),
	(1496653200, 28.09),
	(1496739600, 30.84),
	(1496826000, 30.57),
	(1496912400, 28.38),
	(1496998800, 30.19),
	(1497085200, 29.68),
	(1497171600, 30.5),
	(1497258000, 33.23),
	(1497344400, 29.49),
	(1497430800, 30.74),
	(1497517200, 30.22),
	(1497603600, 30.28),
	(1497690000, 36.18),
	(1497776400, 47.44),
	(1497862800, 46.16),
	(1497949200, 50.41),
	(1498035600, 47.3),
	(1498122000, 47.72),
	(1498208400, 47.75),
	(1498294800, 47.25),
	(1498381200, 44.49),
	(1498467600, 44.04),
	(1498554000, 41.13),
	(1498640400, 40.82),
	(1498726800, 42.83),
	(1498813200, 41.04),
	(1498899600, 40.4),
	(1498986000, 38.95),
	(1499072400, 41.48),
	(1499158800, 46.56),
	(1499245200, 55.27),
	(1499331600, 53.2),
	(1499418000, 51.1),
	(1499504400, 46.64),
	(1499590800, 52.36),
	(1499677200, 49.91),
	(1499763600, 46.27),
	(1499850000, 45.26),
	(1499936400, 48.72),
	(1500022800, 46.36),
	(1500109200, 42.81),
	(1500195600, 38.92),
	(1500282000, 41.19),
	(1500368400, 42.62),
	(1500454800, 44.35),
	(1500541200, 40.96),
	(1500627600, 45.07),
	(1500714000, 45.77),
	(1500800400, 46.63),
	(1500886800, 44.16),
	(1500973200, 44.48),
	(1501059600, 42.29),
	(1501146000, 42.35),
	(1501232400, 42.22),
	(1501318800, 40.56),
	(1501405200, 41.18),
	(1501491600, 40.34),
	(1501578000, 43.02),
	(1501664400, 43.07),
	(1501750800, 42.19),
	(1501837200, 42.89),
	(1501923600, 43.49),
	(1502010000, 46.84),
	(1502096400, 45.17),
	(1502182800, 45.9),
	(1502269200, 48.59),
	(1502355600, 48.05),
	(1502442000, 46.4),
	(1502528400, 47.05),
	(1502614800, 46.57),
	(1502701200, 45.83),
	(1502787600, 45.81),
	(1502874000, 43.37),
	(1502960400, 44.18),
	(1503046800, 43.9),
	(1503133200, 47.05),
	(1503219600, 45.38),
	(1503306000, 46.19),
	(1503392400, 47.9),
	(1503478800, 46.71),
	(1503565200, 52.82),
	(1503651600, 50.17),
	(1503738000, 51.17),
	(1503824400, 51.8),
	(1503910800, 61.36),
	(1503997200, 62.39),
	(1504083600, 63.16),
	(1504170000, 64.16),
	(1504256400, 70.86),
	(1504342800, 85.83),
	(1504429200, 78.98),
	(1504515600, 76.73),
	(1504602000, 65.25),
	(1504688400, 71.78),
	(1504774800, 79.88),
	(1504861200, 78.45),
	(1504947600, 67.21),
	(1505034000, 65.8),
	(1505120400, 61.65),
	(1505206800, 66.24),
	(1505293200, 64.32),
	(1505379600, 61.64),
	(1505466000, 41.69),
	(1505552400, 48.13),
	(1505638800, 48.23),
	(1505725200, 48.53),
	(1505811600, 55.68),
	(1505898000, 52.74),
	(1505984400, 51.66),
	(1506070800, 46.65),
	(1506157200, 48.16),
	(1506243600, 49.25),
	(1506330000, 47.62),
	(1506416400, 51.69),
	(1506502800, 51.58),
	(1506589200, 56.21),
	(1506675600, 54.11),
	(1506762000, 52.63),
	(1506848400, 55.14),
	(1506934800, 54.55),
	(1507021200, 53.39),
	(1507107600, 52.28),
	(1507194000, 51.4),
	(1507280400, 51.64),
	(1507366800, 52.14),
	(1507453200, 52.49),
	(1507539600, 53.08),
	(1507626000, 50.15),
	(1507712400, 50.75),
	(1507798800, 50.89),
	(1507885200, 60.55),
	(1507971600, 59.41),
	(1508058000, 64.13),
	(1508144400, 65.72),
	(1508230800, 64.67),
	(1508317200, 59.59),
	(1508403600, 60.82),
	(1508490000, 59.81),
	(1508576400, 60.3),
	(1508662800, 58.27),
	(1508749200, 56.77),
	(1508835600, 54.96),
	(1508922000, 55.95),
	(1509008400, 56.47),
	(1509094800, 55.67),
	(1509181200, 55.38),
	(1509267600, 54.67),
	(1509354000, 56.84),
	(1509440400, 56.37),
	(1509526800, 55.74),
	(1509613200, 53.56),
	(1509699600, 54.58),
	(1509786000, 56.22),
	(1509872400, 55.03),
	(1509958800, 54.76),
	(1510045200, 54.99),
	(1510131600, 61.11),
	(1510218000, 62.49),
	(1510304400, 64.44),
	(1510390800, 59.35),
	(1510477200, 62.31),
	(1510563600, 59.18),
	(1510650000, 61.64),
	(1510736400, 62.78),
	(1510822800, 63.81),
	(1510909200, 70.45),
	(1510995600, 67.41);
/*!40000 ALTER TABLE `litecoindata` ENABLE KEYS */;

-- Dumping structure for table cryptxmaster.porfolio_hourly
DROP TABLE IF EXISTS `porfolio_hourly`;
CREATE TABLE IF NOT EXISTS `porfolio_hourly` (
  `portfolioid` int(11) NOT NULL,
  `userid` int(11) NOT NULL,
  `timestmp` varchar(50) NOT NULL,
  `amount` double unsigned NOT NULL,
  PRIMARY KEY (`portfolioid`,`userid`,`timestmp`)
) ENGINE=InnoDB DEFAULT CHARSET=utf8;

-- Dumping data for table cryptxmaster.porfolio_hourly: ~0 rows (approximately)
/*!40000 ALTER TABLE `porfolio_hourly` DISABLE KEYS */;
/*!40000 ALTER TABLE `porfolio_hourly` ENABLE KEYS */;

-- Dumping structure for table cryptxmaster.portfolio
DROP TABLE IF EXISTS `portfolio`;
CREATE TABLE IF NOT EXISTS `portfolio` (
  `userid` int(10) unsigned NOT NULL,
  `portfolioid` int(10) unsigned NOT NULL AUTO_INCREMENT,
  `amount` double unsigned NOT NULL DEFAULT 0,
  `bitcoin` double unsigned NOT NULL DEFAULT 0,
  `ethereum` double unsigned NOT NULL DEFAULT 0,
  `litecoin` double unsigned NOT NULL DEFAULT 0,
  PRIMARY KEY (`portfolioid`),
  KEY `portfolio_usr_fk` (`userid`),
  CONSTRAINT `portfolio_usr_fk` FOREIGN KEY (`userid`) REFERENCES `user` (`userid`)
) ENGINE=InnoDB DEFAULT CHARSET=utf8;

-- Dumping data for table cryptxmaster.portfolio: ~0 rows (approximately)
/*!40000 ALTER TABLE `portfolio` DISABLE KEYS */;
/*!40000 ALTER TABLE `portfolio` ENABLE KEYS */;

-- Dumping structure for table cryptxmaster.user
DROP TABLE IF EXISTS `user`;
CREATE TABLE IF NOT EXISTS `user` (
  `name` varchar(50) NOT NULL,
  `email` varchar(50) NOT NULL,
  `phone` varchar(50) DEFAULT NULL,
  `userid` int(10) unsigned NOT NULL AUTO_INCREMENT,
  `password` varchar(50) NOT NULL,
  `ssn` varchar(20) NOT NULL,
  `address` varchar(50) NOT NULL,
  `city` varchar(50) NOT NULL,
  `country` varchar(20) NOT NULL,
  `postalcode` varchar(5) NOT NULL,
  PRIMARY KEY (`userid`)
) ENGINE=InnoDB AUTO_INCREMENT=5 DEFAULT CHARSET=utf8;

-- Dumping data for table cryptxmaster.user: ~4 rows (approximately)
/*!40000 ALTER TABLE `user` DISABLE KEYS */;
INSERT INTO `user` (`name`, `email`, `phone`, `userid`, `password`, `ssn`, `address`, `city`, `country`, `postalcode`) VALUES
	('Pranav Chauthaiwale', 'cpranav1@umbc.edu', '4104249088', 1, 'pranav', '444551234', 'Chapel', 'Baltimore', 'USA', '21227'),
	('Vineet', 'vineet@vineet.com', '4104249088', 2, 'vineet', '555339999', 'Belwood', 'Arbutus', 'USA', '21227'),
	('Ved', 'ved@ved.com', '1234567890', 3, 'ved', '123456789', 'Belwood', 'Arbutus', 'USA', '21227'),
	('Prasad', 'prasad@prasad.com', '1234567890', 4, 'prasad', '222668888', 'Aldgate', 'Arbutus', 'USA', '21227');
/*!40000 ALTER TABLE `user` ENABLE KEYS */;

-- Dumping structure for table cryptxmaster.usertransaction
DROP TABLE IF EXISTS `usertransaction`;
CREATE TABLE IF NOT EXISTS `usertransaction` (
  `transactionid` int(10) unsigned NOT NULL AUTO_INCREMENT,
  `portfolioid` int(10) unsigned NOT NULL,
  `userid` int(10) unsigned NOT NULL,
  `trans_type` varchar(10) NOT NULL,
  `transtime` datetime NOT NULL,
  PRIMARY KEY (`transactionid`),
  KEY `transac_usr_fk` (`userid`),
  KEY `transac_portfolio_fk` (`portfolioid`),
  CONSTRAINT `transac_portfolio_fk` FOREIGN KEY (`portfolioid`) REFERENCES `portfolio` (`portfolioid`),
  CONSTRAINT `transac_usr_fk` FOREIGN KEY (`userid`) REFERENCES `user` (`userid`)
) ENGINE=InnoDB DEFAULT CHARSET=utf8;

-- Dumping data for table cryptxmaster.usertransaction: ~0 rows (approximately)
/*!40000 ALTER TABLE `usertransaction` DISABLE KEYS */;
/*!40000 ALTER TABLE `usertransaction` ENABLE KEYS */;

-- Dumping structure for table cryptxmaster.wallet
DROP TABLE IF EXISTS `wallet`;
CREATE TABLE IF NOT EXISTS `wallet` (
  `userid` int(10) unsigned NOT NULL,
  `walletid` int(20) unsigned NOT NULL AUTO_INCREMENT,
  `amount` int(10) unsigned NOT NULL DEFAULT 0,
  PRIMARY KEY (`walletid`),
  KEY `wallet_usr_fk` (`userid`),
  CONSTRAINT `wallet_usr_fk` FOREIGN KEY (`userid`) REFERENCES `user` (`userid`)
) ENGINE=InnoDB DEFAULT CHARSET=utf8;

-- Dumping data for table cryptxmaster.wallet: ~0 rows (approximately)
/*!40000 ALTER TABLE `wallet` DISABLE KEYS */;
/*!40000 ALTER TABLE `wallet` ENABLE KEYS */;

/*!40101 SET SQL_MODE=IFNULL(@OLD_SQL_MODE, '') */;
/*!40014 SET FOREIGN_KEY_CHECKS=IF(@OLD_FOREIGN_KEY_CHECKS IS NULL, 1, @OLD_FOREIGN_KEY_CHECKS) */;
/*!40101 SET CHARACTER_SET_CLIENT=@OLD_CHARACTER_SET_CLIENT */;
